iter	Logloss
0	0.677902113
1	0.6681406274
2	0.6608499765
